model_name,RMSE,MAE,R2
Persistence,34.532265150639525,34.49880931407684,-236.06234341153757
XGBoost,0.32410524172360444,0.21363108722254617,0.9791174009925836
RandomForest,0.3601460266717451,0.23460598157644688,0.9742148480581159
XGBoost,0.32008682138692385,0.21005030212664844,0.9796320168590708
RandomForest,0.32901608674743194,0.21885248991993597,0.9784797801062446
